name	id	level	prev	n	estimate	lower	upper	se	p.value	q.value	message	influential_n	influential_dfbeta	influential_estimate	influential_lower	influential_upper	influential_se	influential_p.value	influential_q.value	influential_message	interaction_estimate	interaction_p.value	interaction_q.value	interaction_message
Streptococcus anginosus	HG3A.0680	species	0.324464153732446	8118	0.102678449485214	0.0610490370214034	0.144307861949026	0.0212366652998794	1.35661555806644e-06	0.000146514480271176		8118		0.102678449485214	0.0610490370214034	0.144307861949026	0.0212366652998794	1.35661555806644e-06	0.000146514480271176		0.0183134146773168	0.671514682125718	0.900981940344144	
Streptococcus oralis subsp. oralis	HG3A.0705	subspecies	0.556787386055679	8118	0.102137097413526	0.0573703871898231	0.14690380763723	0.0228371140818749	7.84105177007468e-06	0.000423416795584033		8118		0.102137097413526	0.0573703871898231	0.14690380763723	0.0228371140818749	7.84105177007468e-06	0.000423416795584033		-0.064118566992043	0.173555969344611	0.729862338766413	
Escherichia coli	HG3A.0195	species	0.657551120965755	8118	0.0925205680163631	0.0506227358631834	0.134418400169543	0.0213735958680919	1.51800809915089e-05	0.00054648291569432		8118		0.0925205680163631	0.0506227358631834	0.134418400169543	0.0213735958680919	1.51800809915089e-05	0.00054648291569432		-0.0390486409703356	0.362439367244297	0.73501900370454	
Eubacteriales sp.	HG3A.1354	order	0.0338753387533875	8118	0.0893809032508393	0.048209640677757	0.130552165823922	0.0210029465104288	2.10838976067803e-05	0.000569265235383069		8117	-1.56140589207552	0.122173451515378	0.0586665201986327	0.185680382832123	0.0323971763986323	0.000163694488527981	0.00281770737894998		-0.0762993188117528	0.369328965775673	0.73501900370454	
Intestinimonas sp.	HG3A.1149	genus	0.0471791081547179	8118	0.079661270391414	0.0407425344906515	0.118580006292176	0.0198538513830188	6.0657855762396e-05	0.00131020968446775		8117	1.03187488414612	0.0591750035937785	0.00695458681512828	0.111395420372429	0.0266395182212489	0.0263569729345823	0.0437931242605368		-0.00662989421502766	0.919833579069016	0.970663102863613	
Anaerotignum lactatifermentans	HG3A.0676	species	0.0926336536092634	8118	0.0825659127421969	0.0416108216807235	0.12352100380367	0.020892669622822	7.81991272592295e-05	0.00140758429066613		8118		0.0825659127421969	0.0416108216807235	0.12352100380367	0.020892669622822	7.81991272592295e-05	0.0021113764359992		0.0185387768953668	0.658899394220721	0.900981940344144	
Lachnospiraceae sp.	HG3A.1518	family	0.00776053215077605	8118	0.101178031258852	0.0475625802714824	0.154793482246222	0.0273511760107274	0.000217715641813252	0.0031455105552243		8118		0.101178031258852	0.0475625802714824	0.154793482246222	0.0273511760107274	0.000217715641813252	0.00281770737894998		-0.0636472287071387	0.288915690179767	0.729862338766413	
Eubacteriales sp.	HG3A.1158	order	0.019339738851934	8118	0.0804607379569633	0.0376004503396226	0.123321025574304	0.0218645791260515	0.000234808948245832	0.0031455105552243		8118		0.0804607379569633	0.0376004503396226	0.123321025574304	0.0218645791260515	0.000234808948245832	0.00281770737894998		0.0552453652358748	0.231195687330851	0.729862338766413	
Firmicutes sp.	HG3A.0942	phylum	0.0321507760532151	8118	0.0740511112795151	0.0343004418417647	0.113801780717266	0.0202782506966559	0.000262125879602025	0.0031455105552243		8118		0.0740511112795151	0.0343004418417647	0.113801780717266	0.0202782506966559	0.000262125879602025	0.00283095949970187		0.0417554500048836	0.336941948886321	0.729862338766413	
Streptococcus parasanguinis	HG3A.0117	species	0.911061837891106	8118	0.0786605017263205	0.0350625507011964	0.122258452751445	0.0222408878454859	0.00040737945826866	0.00397845714237531		8118		0.0786605017263205	0.0350625507011964	0.122258452751445	0.0222408878454859	0.00040737945826866	0.00371322666621696		-0.0605165048256453	0.176225499217812	0.729862338766413	
Ligilactobacillus salivarius	HG3A.0919	species	0.0631929046563193	8118	0.0890750038162024	0.039397366815711	0.138752640816694	0.025342355018473	0.000442414678662505	0.00397845714237531		8118		0.0890750038162024	0.039397366815711	0.138752640816694	0.025342355018473	0.000442414678662505	0.00371322666621696		-0.0379851146207143	0.480583855443938	0.842611490991746	
Oscillibacter sp.	HG3A.0046	genus	0.858709041635871	8118	-0.0735373058857078	-0.114621766397154	-0.0324528453742616	0.0209586656469429	0.000452813174834873	0.00397845714237531		8118		-0.0735373058857078	-0.114621766397154	-0.0324528453742616	0.0209586656469429	0.000452813174834873	0.00371322666621696		0.00215419132018063	0.959236199470595	0.974299779448276	
Lachnospiraceae sp.	HG3A.0930	family	0.107908351810791	8118	0.0756084713649772	0.033099580306629	0.118117362423325	0.0216853190628128	0.00049179792204509	0.00397845714237531		8118		0.0756084713649772	0.033099580306629	0.118117362423325	0.0216853190628128	0.00049179792204509	0.00371322666621696		0.0926071881462324	0.0544693145654503	0.712160141575205	
Firmicutes sp.	HG3A.1222	phylum	0.0181079083518108	8118	0.0699297156423954	0.0304692944886328	0.109390136796158	0.0201301845747457	0.000515725925863466	0.00397845714237531		8118		0.0699297156423954	0.0304692944886328	0.109390136796158	0.0201301845747457	0.000515725925863466	0.00371322666621696		0.0591472048486214	0.163412206300164	0.729862338766413	
Streptococcus gordonii	HG3A.0713	species	0.397142153239714	8118	0.0735682418545324	0.0313618007474837	0.115774682961581	0.021531028430167	0.000636668994456444	0.0045840167600864		8118		0.0735682418545324	0.0313618007474837	0.115774682961581	0.021531028430167	0.000636668994456444	0.004297515712581		-0.0285155329307838	0.577680669413931	0.877660074046545	
Eubacteriales sp.	HG3A.0511	order	0.264227642276423	8118	0.0718248747037886	0.0301634427844598	0.113486306623117	0.0212529995794109	0.000729611632399922	0.00481358296209311		8118		0.0718248747037886	0.0301634427844598	0.113486306623117	0.0212529995794109	0.000729611632399922	0.00455180664906836		0.104413333499791	0.018756775812093	0.712160141575205	
Oscillospiraceae sp.	HG3A.1212	family	0.0620842572062084	8118	0.0683495972992823	0.0285774259873513	0.108121768611213	0.0202892195784697	0.000758634441511394	0.00481358296209311		8118		0.0683495972992823	0.0285774259873513	0.108121768611213	0.0202892195784697	0.000758634441511394	0.00455180664906836		-0.0314255340964089	0.442527936993696	0.810051138903714	
Streptococcus agalactiae	HG3A.1733	species	0.0332594235033259	8118	0.0673171197518873	0.0279114201608396	0.106722819342935	0.0201022691312339	0.0008155807453386	0.00481358296209311		8117	-2.80511835574285	0.123694038051087	0.0583326706915378	0.189055405410635	0.0333431911147119	0.000208894428950113	0.00281770737894998		-0.145948990204705	0.0268608176056114	0.712160141575205	
Parabacteroides distasonis	HG3A.0024	species	0.929046563192905	8118	0.0710734889147168	0.0293386898236864	0.112808288005747	0.0212904268208062	0.000846834039627491	0.00481358296209311		8118		0.0710734889147168	0.0293386898236864	0.112808288005747	0.0212904268208062	0.000846834039627491	0.00481358296209311		0.0657375164725817	0.130378095430146	0.729862338766413	
Oscillospiraceae sp.	HG3A.0142	family	0.633037694013304	8118	0.0697837304005019	0.0285228077964101	0.111044653004594	0.0210486853272084	0.000919372358307429	0.00496461073486012		8118		0.0697837304005019	0.0285228077964101	0.111044653004594	0.0210486853272084	0.000919372358307429	0.00496461073486012		0.0502291755732699	0.251180359815335	0.729862338766413	
Intestinimonas sp.	HG3A.1018	genus	0.126139443212614	8118	0.066809393978632	0.0269187867171911	0.106700001240073	0.0203496380295204	0.00103123020670575	0.0051436025635894		8118		0.066809393978632	0.0269187867171911	0.106700001240073	0.0203496380295204	0.00103123020670575	0.00497803460869696		0.0538245319067022	0.225726122047539	0.729862338766413	
Eubacteriales sp.	HG3A.1129	order	0.0695984232569599	8118	0.0652741464940448	0.0261964857053108	0.104351807282779	0.0199349247024322	0.00106352280405139	0.0051436025635894		8118		0.0652741464940448	0.0261964857053108	0.104351807282779	0.0199349247024322	0.00106352280405139	0.00497803460869696		-0.0348856198069417	0.385847027058821	0.73501900370454	
Eubacteriales sp.	HG3A.0721	order	0.236388272973639	8118	0.0679817991042803	0.0271440146283882	0.108819583580172	0.0208328273010591	0.00110622991304377	0.0051436025635894		8118		0.0679817991042803	0.0271440146283882	0.108819583580172	0.0208328273010591	0.00110622991304377	0.00497803460869696		0.0824186639803854	0.0739527160709034	0.712160141575205	
Eggerthellales sp.	HG3A.1909	order	0.002710027100271	8118	0.0644021036939643	0.0254945439297773	0.103309663458151	0.0198481500325131	0.00118041822512897	0.0051436025635894		8118		0.0644021036939643	0.0254945439297773	0.103309663458151	0.0198481500325131	0.00118041822512897	0.00509940673255713		0.0157917574265893	0.729690486075468	0.916355494141285	
Limosilactobacillus oris	HG3A.1462	species	0.0256220744025622	8118	0.0670244782188381	0.0264245192614343	0.107624437176242	0.0207115039232599	0.00121669610142567	0.0051436025635894		8117	-1.67676244361995	0.101750094519274	0.0406381813925041	0.162862007646045	0.0311753912301513	0.00110393401085225	0.00497803460869696		-0.00952675382880646	0.837566262953566	0.948748987006354	
Eubacteriales sp.	HG3A.0190	order	0.630820399113082	8118	0.0667505604786616	0.0262536053095201	0.107247515647803	0.0206589579744587	0.00123827469123448	0.0051436025635894		8118		0.0667505604786616	0.0262536053095201	0.107247515647803	0.0206589579744587	0.00123827469123448	0.00512199674423665		-0.0437125174737238	0.295944414488815	0.729862338766413	
Blautia obeum	HG3A.0009	species	0.962182803646218	8118	0.0671710922763893	0.0259555363023062	0.108386648250472	0.0210255421723989	0.00140502390571104	0.00555730224535787		8118		0.0671710922763893	0.0259555363023062	0.108386648250472	0.0210255421723989	0.00140502390571104	0.00536567113344898		0.0532729464710835	0.210731856178307	0.729862338766413	
Eubacteriales sp.	HG3A.1303	order	0.0121951219512195	8118	0.0643532299204736	0.0247766241701763	0.103929835670771	0.0201894545294143	0.0014407820636113	0.00555730224535787		8118		0.0643532299204736	0.0247766241701763	0.103929835670771	0.0201894545294143	0.0014407820636113	0.00536567113344898		0.0544829672921149	0.185429976781008	0.729862338766413	
Lachnospiraceae sp.	HG3A.0433	family	0.391475732939148	8118	0.0681228986278609	0.0255354960111902	0.110710301244532	0.0217253706414344	0.00172103391814443	0.00626512645883902		8118		0.0681228986278609	0.0255354960111902	0.110710301244532	0.0217253706414344	0.00172103391814443	0.0060693412570003		0.0769762412756742	0.0791289046194673	0.712160141575205	
Eubacteriales sp.	HG3A.0935	order	0.0289480167528948	8118	-0.0656186893213102	-0.106726893161878	-0.0245104854807426	0.0209707779757945	0.00176002192570809	0.00626512645883902		8118		-0.0656186893213102	-0.106726893161878	-0.0245104854807426	0.0209707779757945	0.00176002192570809	0.0060693412570003		-0.0296406483487505	0.483721411495262	0.842611490991746	
Bifidobacterium breve	HG3A.1387	species	0.0222961320522296	8118	0.0649306406654765	0.0241709046811857	0.105690376649767	0.0207930119494795	0.0017983233354075	0.00626512645883902		8118		0.0649306406654765	0.0241709046811857	0.105690376649767	0.0207930119494795	0.0017983233354075	0.0060693412570003		0.0469927251294933	0.4239492650057	0.789422769320959	
Rothia mucilaginosa	HG3A.0559	species	0.306356245380636	8118	0.0636059737876816	0.023029407690181	0.104182539885182	0.0206995703814016	0.00212763932479078	0.0071807827211689		8117	-1.32057313519523	0.0909320706290961	0.0451558531897234	0.136708288068469	0.0233520996920612	9.94264963837016e-05	0.00214761232188796		-0.0878086151932819	0.0345029770444964	0.712160141575205	
Oscillibacter sp.	HG3A.0243	genus	0.592510470559251	8118	0.0660344856473144	0.0232076067498726	0.108861364544756	0.0218475361326341	0.00251479920449162	0.00805556392714627		8118		0.0660344856473144	0.0232076067498726	0.108861364544756	0.0218475361326341	0.00251479920449162	0.00805556392714627		0.0951107035530868	0.0322849933333635	0.712160141575205	
Flintibacter sp.	HG3A.0922	genus	0.140428677014043	8118	0.0631254680796136	0.0221507268648762	0.104100209294351	0.0209026938749856	0.00253601086595346	0.00805556392714627		8118		0.0631254680796136	0.0221507268648762	0.104100209294351	0.0209026938749856	0.00253601086595346	0.00805556392714627		0.0238572252824176	0.610117862915139	0.900981940344144	
Eubacteriales sp.	HG3A.0100	order	0.656319290465632	8118	-0.0653969163034027	-0.108048576436653	-0.0227452561701525	0.0217581507190727	0.00265856631622497	0.0082035760614942		8118		-0.0653969163034027	-0.108048576436653	-0.0227452561701525	0.0217581507190727	0.00265856631622497	0.0082035760614942		0.0200851099539828	0.64971215851847	0.900981940344144	
Bacteria sp.	HG3A.0920	superkingdom	0.0311653116531165	8118	-0.0607970081069691	-0.100690596907807	-0.0209034193061313	0.0203511590203416	0.00282218860210153	0.00846656580630457		8118		-0.0607970081069691	-0.100690596907807	-0.0209034193061313	0.0203511590203416	0.00282218860210153	0.00846656580630457		-0.045772645645523	0.262449377989178	0.729862338766413	
Oscillibacter sp.	HG3A.0372	genus	0.427075634392708	8118	0.0623547240882954	0.0212672175651504	0.103442230611441	0.0209602195274116	0.0029395408185717	0.00856048239671217		8118		0.0623547240882954	0.0212672175651504	0.103442230611441	0.0209602195274116	0.0029395408185717	0.00856048239671217		0.00489938956751876	0.909244167962944	0.970663102863613	
Eubacteriales sp.	HG3A.0759	order	0.0538309928553831	8118	0.0625681993147796	0.0212359825934783	0.103900416036081	0.0210850550287108	0.00301202158402836	0.00856048239671217		8118		0.0625681993147796	0.0212359825934783	0.103900416036081	0.0210850550287108	0.00301202158402836	0.00856048239671217		0.0427991705744077	0.387926696399618	0.73501900370454	
Bifidobacterium dentium	HG3A.0579	species	0.25769894062577	8118	0.0652280904010822	0.0219113673666879	0.108544813435477	0.0220974233006217	0.00316804519439005	0.0087730482306186		8118		0.0652280904010822	0.0219113673666879	0.108544813435477	0.0220974233006217	0.00316804519439005	0.0087730482306186		-0.00820972821193396	0.853448456338638	0.948748987006354	
Leuconostoc lactis	HG3A.1458	species	0.0296871150529687	8118	0.0581722956500271	0.0193330110842814	0.0970115802157727	0.0198133203903979	0.00333402311618821	0.00881484951445978		8118		0.0581722956500271	0.0193330110842814	0.0970115802157727	0.0198133203903979	0.00333402311618821	0.00881484951445978		0.0207962191566918	0.681909078544511	0.900981940344144	
Eubacteriales sp.	HG3A.0084	order	0.728258191672826	8118	-0.0618450951829331	-0.103152722574138	-0.0205374677917285	0.0210725111242378	0.00334637805641529	0.00881484951445978		8118		-0.0618450951829331	-0.103152722574138	-0.0205374677917285	0.0210725111242378	0.00334637805641529	0.00881484951445978		0.0516427810781975	0.221389560601391	0.729862338766413	
Desulfovibrio piger	HG3A.0240	species	0.292559743779256	8118	0.0603327727933103	0.019746471411044	0.100919074175577	0.0207045367014127	0.00357834557963867	0.00920146006192801		8118		0.0603327727933103	0.019746471411044	0.100919074175577	0.0207045367014127	0.00357834557963867	0.00920146006192801		-0.0234212821719041	0.574479679291844	0.877660074046545	
Lachnospiraceae sp.	HG3A.1066	family	0.0384331116038433	8118	0.0583989425091456	0.0189819252687684	0.0978159597495229	0.0201080426725013	0.00369134725324242	0.00927129077558561		8118		0.0583989425091456	0.0189819252687684	0.0978159597495229	0.0201080426725013	0.00369134725324242	0.00927129077558561		-0.0685066846277088	0.209437791436262	0.729862338766413	
Oscillospiraceae sp.	HG3A.1278	family	0.0442227149544223	8118	0.0563518797708166	0.0171167153405678	0.0955870442010654	0.0200152729927491	0.00488293022189941	0.0119853741810258		8117	-1.05936568780397	0.0775533664521705	0.0303621063363237	0.124744626568017	0.0240739640027877	0.00128049918605916	0.00512199674423665		0.0257913129803312	0.531603830263	0.857327107349577	
Lactobacillus gasseri	HG3A.0884	species	0.110618378911062	8118	0.058519252273613	0.0175707827859918	0.0994677217612343	0.0208892917190916	0.00510039834582842	0.0122409560299882		8118		0.058519252273613	0.0175707827859918	0.0994677217612343	0.0208892917190916	0.00510039834582842	0.0119748482902058		-0.0128939641541815	0.819895949517158	0.948748987006354	
Traorella massiliensis	HG3A.0669	species	0.148558758314856	8118	0.0606526378750439	0.0177187164123885	0.103586559337699	0.0219021424072785	0.00563142363388399	0.0132216033143363		8118		0.0606526378750439	0.0177187164123885	0.103586559337699	0.0219021424072785	0.00563142363388399	0.0129402926055207		0.0154264661899503	0.779547126811224	0.948748987006354	
Enterocloster asparagiformis	HG3A.0466	species	0.343311160384331	8118	0.0548354731629549	0.0156337663124991	0.0940371800134108	0.0199982050741368	0.00611987620565092	0.0140626942597936		8117	-2.67489323995372	0.108322842862148	0.0334286566903159	0.18321702903398	0.0382062258454784	0.00459100954613736	0.0112688416132463		0.112739772120619	0.0864058678129034	0.717833363368736	
Lachnospiraceae sp.	HG3A.1323	family	0.0113328406011333	8118	0.0551062515892325	0.0146495363951879	0.095562966783277	0.020638430111291	0.00759868948804223	0.0168249176175781		8118		0.0551062515892325	0.0146495363951879	0.095562966783277	0.020638430111291	0.00759868948804223	0.0168249176175781		0.0420220062554216	0.332783095429551	0.729862338766413	
Butyricicoccus sp. OM04-18BH	HG3A.0139	species	0.608277900960828	8118	-0.0556872625543081	-0.0965940889613652	-0.014780436147251	0.0208680480812006	0.00763352743760486	0.0168249176175781		8118		-0.0556872625543081	-0.0965940889613652	-0.014780436147251	0.0208680480812006	0.00763352743760486	0.0168249176175781		0.0259995945363686	0.534169070565491	0.857327107349577	
Eubacteriales sp.	HG3A.0505	order	0.123675782212368	8118	-0.0542714617832137	-0.0949546688904	-0.0135882546760274	0.020753971808083	0.00893974504913172	0.0193098493061245		8118		-0.0542714617832137	-0.0949546688904	-0.0135882546760274	0.020753971808083	0.00893974504913172	0.0193098493061245		-0.0292939226368101	0.483274753853236	0.842611490991746	
Eubacteriales sp.	HG3A.0439	order	0.631313131313131	8118	0.0542301321535701	0.0129006949595234	0.0955595693476168	0.021083637091572	0.0101250311422833	0.0214412424189529		8118		0.0542301321535701	0.0129006949595234	0.0955595693476168	0.021083637091572	0.0101250311422833	0.021028910833973		-0.0316602236888493	0.506147062753511	0.85412316839655	
Ruminococcus bicirculans	HG3A.0067	species	0.790711998029071	8118	-0.0522750046912134	-0.0930476011256516	-0.0115024082567752	0.0207995725291087	0.0119812102447852	0.0248840520468616		8118		-0.0522750046912134	-0.0930476011256516	-0.0115024082567752	0.0207995725291087	0.0119812102447852	0.0244145416308831		-0.0687977730483918	0.101908131929237	0.729862338766413	
Oscillospiraceae sp.	HG3A.0616	family	0.216063069721606	8118	-0.0527360028786497	-0.0946687715452229	-0.0108032342120764	0.0213914182440941	0.0137112140304797	0.0279398323639964		8118		-0.0527360028786497	-0.0946687715452229	-0.0108032342120764	0.0213914182440941	0.0137112140304797	0.0274224280609595		-0.0018679045524856	0.965278485194126	0.974299779448276	
Eubacteriales sp.	HG3A.0854	order	0.0438531658043853	8118	0.0505994938470558	0.00965407566232042	0.0915449120317911	0.0208877351393976	0.0154383659448045	0.030876731889609		8118		0.0505994938470558	0.00965407566232042	0.0915449120317911	0.0208877351393976	0.0154383659448045	0.0303153367643434		0.0870079181120992	0.0394115602458622	0.712160141575205	
Eubacteriales sp.	HG3A.0092	order	0.778270509977827	8118	-0.0503876632358442	-0.0913195136826391	-0.00945581278904942	0.0208808137467459	0.0158395107518086	0.0311030392944606		8118		-0.0503876632358442	-0.0913195136826391	-0.00945581278904942	0.0208808137467459	0.0158395107518086	0.0305476278784881		-0.0507492516242952	0.243192830411505	0.729862338766413	
Eubacteriales sp.	HG3A.0270	order	0.590539541759054	8118	0.0489749578174794	0.00840287156496936	0.0895470440699894	0.0206972850508377	0.0179930372154505	0.0347008574869402		8118		0.0489749578174794	0.00840287156496936	0.0895470440699894	0.0206972850508377	0.0179930372154505	0.0340920705134851		0.0198784543281146	0.64798323278083	0.900981940344144	
Clostridia sp.	HG3A.0479	class	0.11049519586105	8118	-0.0484901963256937	-0.0889252463367185	-0.00805514631466887	0.0206273779197461	0.0187588698484138	0.0355431218180471		8118		-0.0484901963256937	-0.0889252463367185	-0.00805514631466887	0.0206273779197461	0.0187588698484138	0.0349303093729084		-0.0158431728019802	0.702704512384627	0.900981940344144	
[Clostridium] spiroforme	HG3A.0259	species	0.351318058635132	8118	0.0486496325780038	0.00777676357773836	0.0895225015782692	0.0208507251828024	0.0196605481482519	0.0366092965519174		8118		0.0486496325780038	0.00777676357773836	0.0895225015782692	0.0208507251828024	0.0196605481482519	0.03598880000019		0.0291450098982862	0.493030274870715	0.845194756921225	
Eubacteriales sp.	HG3A.1250	order	0.0370780980537078	8118	0.0461216195731714	0.00702667209309051	0.0852165670532523	0.0199437432673974	0.0207707292993355	0.0380209960055633		8117	-1.37843486245112	0.0736099023875546	0.0224498834483252	0.124769921326784	0.02609857103416	0.0048073607848632	0.0115376658836717		0.122513061124917	0.104029742606369	0.729862338766413	
Clostridium phoceensis	HG3A.0014	species	0.97979797979798	8118	0.0499932499862933	0.00743840319871286	0.0925480967738738	0.0217087627383911	0.0213097005109521	0.0383574609197137		8118		0.0499932499862933	0.00743840319871286	0.0925480967738738	0.0217087627383911	0.0213097005109521	0.0383574609197137		7.62469296616892e-06	0.99986058050279	0.99986058050279	
Eubacteriales sp.	HG3A.0133	order	0.510716925351072	8118	0.0475457204247616	0.00637573391309567	0.0887157069364275	0.0210022955454596	0.0236110264843322	0.0418031288575061		8118		0.0475457204247616	0.00637573391309567	0.0887157069364275	0.0210022955454596	0.0236110264843322	0.0418031288575061		0.0745264707371667	0.0771628581533253	0.712160141575205	
Bifidobacterium pullorum subsp. gallinarum	HG3A.1171	subspecies	0.016260162601626	8118	0.045543383031304	0.00570832701037099	0.085378439052237	0.0203212993374314	0.0250427771639718	0.0432677117814133		8118		0.045543383031304	0.00570832701037099	0.085378439052237	0.0203212993374314	0.0250427771639718	0.0432677117814133		0.0384837481204223	0.387414934545551	0.73501900370454	
Eubacteriales sp.	HG3A.0226	order	0.394432126139443	8118	-0.045714010747845	-0.0857523763221765	-0.00567564517351354	0.0204250148760916	0.0252394985391578	0.0432677117814133		8118		-0.045714010747845	-0.0857523763221765	-0.00567564517351354	0.0204250148760916	0.0252394985391578	0.0432677117814133		0.0521735645457463	0.215735679411572	0.729862338766413	
Oscillospiraceae sp.	HG3A.0072	family	0.810914018231092	8118	-0.0470901976945597	-0.0884867774536621	-0.00569361793545721	0.0211178889365315	0.0257836216904432	0.043509861602623		8118		-0.0470901976945597	-0.0884867774536621	-0.00569361793545721	0.0211178889365315	0.0257836216904432	0.043509861602623		0.0161258966762686	0.704920890125678	0.900981940344144	
Peptoniphilus harei	HG3A.1800	species	0.0699679724069968	8118	0.0444565583722484	0.00463030279048803	0.0842828139540088	0.0203168099158869	0.0286863842655681	0.0475027593049956		8118		0.0444565583722484	0.00463030279048803	0.0842828139540088	0.0203168099158869	0.0286863842655681	0.0469413560709296		0.0264150575950191	0.530580785861866	0.857327107349577	
Prevotella marseillensis	HG3A.0424	species	0.158536585365854	8118	0.0459222700882456	0.00460211038905621	0.0872424297874351	0.0210789043067104	0.029391371350856	0.0475027593049956		8118		0.0459222700882456	0.00460211038905621	0.0872424297874351	0.0210789043067104	0.029391371350856	0.0473771359088425		0.0405987726346669	0.337899230910377	0.729862338766413	
Muribaculaceae sp.	HG3A.1967	family	0.00147819660014782	8118	0.0645144704380676	0.00643743291953843	0.122591507956597	0.029627192275695	0.0294693043836547	0.0475027593049956		8117	1.1351767546615	0.0308815347900481	-0.0719617878243883	0.133724857404484	0.0524640884873434	0.556131300705526	0.566624344115064		-0.10425987203933	0.143144015775608	0.729862338766413	
Pseudoflavonifractor sp. An184	HG3A.0253	species	0.604828775560483	8118	0.0451973961987532	0.00413134641805808	0.0862634459794484	0.020949273668922	0.0309989350038752	0.0492336026532135		8118		0.0451973961987532	0.00413134641805808	0.0862634459794484	0.020949273668922	0.0309989350038752	0.0492336026532135		0.0451575194916096	0.300966317867571	0.729862338766413	
Eubacteriales sp.	HG3A.0242	order	0.489652623798965	8118	-0.0467765442960865	-0.089595246096506	-0.00395784249566686	0.0218433647004109	0.0322676950540977	0.050505957475979		8118		-0.0467765442960865	-0.089595246096506	-0.00395784249566686	0.0218433647004109	0.0322676950540977	0.050505957475979		-0.0536379728480481	0.242021853529629	0.729862338766413	
Oscillospiraceae sp.	HG3A.1161	family	0.0505050505050505	8118	0.050803917901293	0.00334213518241821	0.0982657006201677	0.0242119678007118	0.0359102033883195	0.0554043137991215		8118		0.050803917901293	0.00334213518241821	0.0982657006201677	0.0242119678007118	0.0359102033883195	0.0554043137991215		0.0701933451418677	0.149514971845907	0.729862338766413	
Eubacteriales sp.	HG3A.0087	order	0.776176398127618	8118	-0.0443591100659698	-0.0860280882248243	-0.00269013190711529	0.0212568491884636	0.0369365237921661	0.0560415453319111		8118		-0.0443591100659698	-0.0860280882248243	-0.00269013190711529	0.0212568491884636	0.0369365237921661	0.0560415453319111		-0.00759440957203892	0.866625426443349	0.948748987006354	
Anaerotruncus colihominis	HG3A.0307	species	0.678615422517862	8118	0.0436207043033257	0.00255344513263426	0.0846879634740171	0.0209498906223943	0.0373610302212741	0.0560415453319111		8118		0.0436207043033257	0.00255344513263426	0.0846879634740171	0.0209498906223943	0.0373610302212741	0.0560415453319111		0.0423149040997939	0.359836478389514	0.73501900370454	
Streptococcus salivarius	HG3A.0071	species	0.951958610495196	8118	0.0453774600456052	0.00147016992001633	0.0892847501711941	0.0223986928816835	0.042808473283678	0.0631274443423479		8118		0.0453774600456052	0.00147016992001633	0.0892847501711941	0.0223986928816835	0.042808473283678	0.0631274443423479		-0.0491598550527044	0.27468166720217	0.729862338766413	
Eubacteriales sp.	HG3A.0085	order	0.748829761024883	8118	-0.0425946369125491	-0.0838974718179016	-0.00129180200719659	0.0210700663042903	0.0432539896419791	0.0631274443423479		8118		-0.0425946369125491	-0.0838974718179016	-0.00129180200719659	0.0210700663042903	0.0432539896419791	0.0631274443423479		0.0841531728833424	0.0477425669215015	0.712160141575205	
Streptococcus mutans	HG3A.0677	species	0.291081547179108	8118	0.0415849672044579	0.000468360539380562	0.0827015738695353	0.0209750645597534	0.047447404424684	0.067250324920279		8118		0.0415849672044579	0.000468360539380562	0.0827015738695353	0.0209750645597534	0.047447404424684	0.067250324920279		-0.0696359806128758	0.151862044936313	0.729862338766413	
Eubacteriales sp.	HG3A.0373	order	0.183665927568367	8118	-0.0417955238139822	-0.0831416315618085	-0.000449416066155894	0.0210921413425337	0.0475618077766059	0.067250324920279		8118		-0.0417955238139822	-0.0831416315618085	-0.000449416066155894	0.0210921413425337	0.0475618077766059	0.067250324920279		-0.00231306711438166	0.956411061342871	0.974299779448276	
Eubacteriales sp.	HG3A.0269	order	0.36979551613698	8118	-0.0410978115569196	-0.081824127348159	-0.000371495765680088	0.0207759631031931	0.0479469909153841	0.067250324920279		8118		-0.0410978115569196	-0.081824127348159	-0.000371495765680088	0.0207759631031931	0.0479469909153841	0.067250324920279		0.010634296085596	0.799287803867731	0.948748987006354	
Veillonellaceae sp.	HG3A.1555	family	0.00628233555062823	8118	0.041784436813607	-0.000511038051836277	0.0840799116790502	0.0215764477626897	0.0528324159505479	0.0731525759315278		8117	-1.45556081580381	0.0731864096528997	0.0177983459002812	0.128574473405518	0.0282554492016392	0.00961030101864558	0.0203512256865436		0.020238811934766	0.646854831488782	0.900981940344144	
Flintibacter sp. KGMB00164	HG3A.0374	species	0.338876570583888	8118	0.0398697660013379	-0.00122547457807337	0.0809650065807492	0.0209641649485602	0.0572325472418424	0.0776907574482336		8118		0.0398697660013379	-0.00122547457807337	0.0809650065807492	0.0209641649485602	0.0572325472418424	0.0786618919163365		0.0230255503878261	0.58510671603103	0.877660074046545	
Eubacteriales sp.	HG3A.0685	order	0.0837644740083765	8118	-0.0380245997996475	-0.0773550317763592	0.00130583217706422	0.0200638724054823	0.0581049903774866	0.0776907574482336		8118		-0.0380245997996475	-0.0773550317763592	0.00130583217706422	0.0200638724054823	0.0581049903774866	0.0786618919163365		-0.0386922106858896	0.38706679340893	0.73501900370454	
Sellimonas intestinalis	HG3A.0417	species	0.278024143877802	8118	0.0401198755682861	-0.00140473199339158	0.0816444831299638	0.0211832005379079	0.0582680680861752	0.0776907574482336		8118		0.0401198755682861	-0.00140473199339158	0.0816444831299638	0.0211832005379079	0.0582680680861752	0.0786618919163365		0.0166790342915216	0.694517718943444	0.900981940344144	
Massilistercora timonensis	HG3A.0458	species	0.330376940133038	8118	0.0415654284558879	-0.00184851113720982	0.0849793680489855	0.0221470169748198	0.060582540287391	0.0797916384272955		8118		0.0415654284558879	-0.00184851113720982	0.0849793680489855	0.0221470169748198	0.060582540287391	0.080776720383188		-0.0217239671463995	0.709106156752336	0.900981940344144	
Eubacteriales sp.	HG3A.0179	order	0.591155457009116	8118	-0.0385739870569611	-0.0798706939762457	0.00272271986232348	0.0210669401974974	0.06713483208979	0.0871796374994358		8118		-0.0385739870569611	-0.0798706939762457	0.00272271986232348	0.0210669401974974	0.06713483208979	0.0882299945777423		0.0185847742623911	0.66009957334328	0.900981940344144	
Alistipes sp. AF17-16	HG3A.0150	species	0.499876816949988	8118	-0.0383274093508082	-0.0794607872757192	0.00280596857410276	0.0209836201845068	0.0678063847217834	0.0871796374994358		8118		-0.0383274093508082	-0.0794607872757192	0.00280596857410276	0.0209836201845068	0.0678063847217834	0.0882299945777423		0.0106154167402907	0.806802260107392	0.948748987006354	
Eubacteriales sp.	HG3A.0105	order	0.857354028085735	8118	0.0395772042451683	-0.00314735682138941	0.082301765311726	0.0217953401154411	0.0694299344221096	0.0882168578539746		8118		0.0395772042451683	-0.00314735682138941	0.082301765311726	0.0217953401154411	0.0694299344221096	0.0892670585427124		0.00372135243549059	0.932462190008786	0.970663102863613	
Lachnospiraceae sp.	HG3A.0422	family	0.262379896526238	8118	0.0379568645347299	-0.00327920760341813	0.079192936672878	0.021036008207918	0.0712100947365538	0.0884203219060575		8118		0.0379568645347299	-0.00327920760341813	0.079192936672878	0.021036008207918	0.0712100947365538	0.0894484651840349		0.0178624436137369	0.681591593786716	0.900981940344144	
Alistipes communis	HG3A.0064	species	0.812022665681202	8118	-0.0385807781322695	-0.0804972433466013	0.00333568708206219	0.0213831012648721	0.0712274815354352	0.0884203219060575		8118		-0.0385807781322695	-0.0804972433466013	0.00333568708206219	0.0213831012648721	0.0712274815354352	0.0894484651840349		-0.0463452617406382	0.291672302221963	0.729862338766413	
Anaeromassilibacillus sp. Marseille-P3371	HG3A.0304	species	0.318674550381867	8118	0.0387716304593241	-0.00395589613375937	0.0814991570524076	0.021796852937519	0.0753152127142716	0.0924323065129697		8118		0.0387716304593241	-0.00395589613375937	0.0814991570524076	0.021796852937519	0.0753152127142716	0.0934947468177164		0.0566475705123102	0.195801390102701	0.729862338766413	
Eubacteriales sp.	HG3A.0601	order	0.111357477211136	8118	-0.036278921147588	-0.0766923235389891	0.00413448124381319	0.0206163346879233	0.0784940547988608	0.0952512125649097		8118		-0.036278921147588	-0.0766923235389891	0.00413448124381319	0.0206163346879233	0.0784940547988608	0.0963336127076928		0.00338827896705551	0.934712617572368	0.970663102863613	
Eubacteriales sp.	HG3A.0154	order	0.494826311899483	8118	-0.0367509974315717	-0.0778776091486349	0.00437561428549159	0.0209801684977568	0.0798635161288845	0.0953831989756169		8118		-0.0367509974315717	-0.0778776091486349	0.00437561428549159	0.0209801684977568	0.0798635161288845	0.0964430122975682		0.00432014966123801	0.919503632103222	0.970663102863613	
Eubacteriales sp.	HG3A.0568	order	0.151761517615176	8118	-0.0356680659741602	-0.0756497197680723	0.00431358781975189	0.020396084150721	0.0803691769146402	0.0953831989756169		8118		-0.0356680659741602	-0.0756497197680723	0.00431358781975189	0.020396084150721	0.0803691769146402	0.0964430122975682		0.00831375119525435	0.85701072209072	0.948748987006354	
Eubacteriales sp.	HG3A.0350	order	0.202143385070214	8118	-0.0356301597637779	-0.0761289839689348	0.00486866444137905	0.0206599114371656	0.0846376339439138	0.0993572224558988		8118		-0.0356301597637779	-0.0761289839689348	0.00486866444137905	0.0206599114371656	0.0846376339439138	0.100449060065304		-0.0407123655958998	0.328110458158913	0.729862338766413	
Oscillospiraceae sp.	HG3A.0060	family	0.831116038433112	8118	-0.0346013040437225	-0.0766491492586799	0.00744654117123478	0.0214501229434223	0.106761198800497	0.123980746994126		8118		-0.0346013040437225	-0.0766491492586799	0.00744654117123478	0.0214501229434223	0.106761198800497	0.125328363809279		0.00892659244427141	0.837302141160687	0.948748987006354	
Flavonifractor plautii	HG3A.0079	species	0.920793298842079	8118	0.033256014246658	-0.00881953360907489	0.0753315621023909	0.0214642550600018	0.12133310747075	0.139403995817458		8118		0.033256014246658	-0.00881953360907489	0.0753315621023909	0.0214642550600018	0.12133310747075	0.14090296351442		0.0423121715758105	0.332149344134217	0.729862338766413	
Ruthenibacterium lactatiformans	HG3A.0020	species	0.989652623798965	8118	0.032868839213442	-0.00948638242705169	0.0752240608539356	0.021606926748325	0.128244833255776	0.144375416398598		8118		0.032868839213442	-0.00948638242705169	0.0752240608539356	0.021606926748325	0.128244833255776	0.145895157623847		0.0104161248482892	0.82465549503648	0.948748987006354	
Faecalibacterium prausnitzii	HG3A.0378	species	0.89159891598916	8118	-0.0319860180371569	-0.0732132229642242	0.00924118688991039	0.021031484723614	0.128333703465421	0.144375416398598		8118		-0.0319860180371569	-0.0732132229642242	0.00924118688991039	0.021031484723614	0.128333703465421	0.145895157623847		-0.0830051281734336	0.0490170891895909	0.712160141575205	
Clostridiaceae sp.	HG3A.0431	family	0.188470066518847	8118	0.0304181685574177	-0.010127031299906	0.0709633684147414	0.0206835693305837	0.141426822016884	0.157464915235293		8118		0.0304181685574177	-0.010127031299906	0.0709633684147414	0.0206835693305837	0.141426822016884	0.159105174768994		0.0469040013404325	0.259446786214236	0.729862338766413	
Allisonella histaminiformans	HG3A.0332	species	0.207070707070707	8118	0.030091372117429	-0.0110474451345879	0.071230189369446	0.0209863949815161	0.151653845189186	0.167128727351347		8118		0.030091372117429	-0.0110474451345879	0.071230189369446	0.0209863949815161	0.151653845189186	0.16885170392198		-0.0735214148379562	0.118814689184481	0.729862338766413	
Roseburia inulinivorans	HG3A.0036	species	0.950726779995073	8118	0.030022898175518	-0.0119524553914881	0.071998251742524	0.0214131423382813	0.160930813930015	0.175560887923652		8118		0.030022898175518	-0.0119524553914881	0.071998251742524	0.0214131423382813	0.160930813930015	0.177352325555526		-0.00703475357826728	0.869686571422491	0.948748987006354	
Acidaminococcus intestini	HG3A.0407	species	0.134023158413402	8118	0.0286455724611123	-0.0126968986433607	0.0699880435655853	0.021090286159548	0.174427405248919	0.188381597668833		8118		0.0286455724611123	-0.0126968986433607	0.0699880435655853	0.021090286159548	0.174427405248919	0.19028444208973		-0.0751496143908537	0.0763224229705341	0.712160141575205	
[Ruminococcus] torques	HG3A.0088	species	0.802168021680217	8118	0.027851897150937	-0.0145750030585334	0.0702787973604074	0.021643492572545	0.198184401542933	0.211919954125116		8118		0.027851897150937	-0.0145750030585334	0.0702787973604074	0.021643492572545	0.198184401542933	0.214039153666368		0.0261984347334408	0.54833658586514	0.858265960484567	
Hungatella hathewayi	HG3A.0455	species	0.422148312392215	8118	0.0299781419947227	-0.0159554224877399	0.0759117064771854	0.0234323685397309	0.200811906519225	0.212624371608591		8118		0.0299781419947227	-0.0159554224877399	0.0759117064771854	0.0234323685397309	0.200811906519225	0.214729563406696		-0.0291332551035298	0.539798549071956	0.857327107349577	
Enterocloster citroniae	HG3A.0285	species	0.661246612466125	8118	0.0284504763282888	-0.017175658890133	0.0740766115467106	0.0232755377800007	0.221617522898974	0.230169447531241		8118		0.0284504763282888	-0.017175658890133	0.0740766115467106	0.0232755377800007	0.221617522898974	0.232404102361641		0.0665437645113134	0.159207381706209	0.729862338766413	
Eubacteriales sp.	HG3A.0196	order	0.481768908598177	8118	-0.0256830048062225	-0.0668733542033478	0.0155073445909029	0.0210126833880317	0.221644653178232	0.230169447531241		8118		-0.0256830048062225	-0.0668733542033478	0.0155073445909029	0.0210126833880317	0.221644653178232	0.232404102361641		-0.0139353427466771	0.75445139681564	0.936560354667691	
Lachnospiraceae sp.	HG3A.0890	family	0.113944321261394	8118	0.0274623990250169	-0.0187365414870844	0.0736613395371182	0.0235677464272989	0.243951220346363	0.250921255213402		8118		0.0274623990250169	-0.0187365414870844	0.0736613395371182	0.0235677464272989	0.243951220346363	0.253333959590454		0.0648863305961252	0.176127195671667	0.729862338766413	
Eubacteriales sp.	HG3A.0254	order	0.285168760778517	8118	0.0147383476869838	-0.0285998156333312	0.0580765110072989	0.022108360764042	0.505020514071894	0.514549203016647		8118		0.0147383476869838	-0.0285998156333312	0.0580765110072989	0.022108360764042	0.505020514071894	0.519449671616806		-0.0437372307648494	0.336808278589539	0.729862338766413	
Oscillospiraceae sp.	HG3A.0207	family	0.383715200788372	8118	-0.0103162836910308	-0.0527683103015037	0.032135742919442	0.0216563104562647	0.633828215978795	0.639751844165512		8118		-0.0103162836910308	-0.0527683103015037	0.032135742919442	0.0216563104562647	0.633828215978795	0.639751844165512		0.0115287844424145	0.790707313426438	0.948748987006354	
Oscillibacter sp. PEA192	HG3A.0021	species	0.985710766198571	8118	0.00726286327670876	-0.0353835056202186	0.0499092321736361	0.021755451468515	0.738508258319691	0.738508258319691		8118		0.00726286327670876	-0.0353835056202186	0.0499092321736361	0.021755451468515	0.738508258319691	0.738508258319691		0.04548929822671	0.306665893900132	0.729862338766413	
