name	id	level	ppi_n	ppi_estimate	ppi_se	ppi_p.value	ppi_q.value	crohn_n	crohn_estimate	crohn_se	crohn_p.value	crohn_q.value	antib_n	antib_estimate	antib_se	antib_p.value	antib_q.value	shannon_n	shannon_estimate	shannon_se	shannon_p.value	shannon_q.value	family_n	family_estimate	family_se	family_p.value	family_q.value
Streptococcus anginosus	HG3A.0680	species	6969	0.101479334023599	0.0226684826566352	7.70470282753645e-06	0.000276628620736984	7983	0.110127245615552	0.021509698582986	3.12983363458909e-07	2.09698853517469e-05	6538	0.0974263170438505	0.0234107480511878	3.20157702416222e-05	0.00107252830309435	8118	0.102528256963197	0.0212393056084755	1.40976626803622e-06	9.44543399584268e-05	8118	0.102743094078878	0.0212335610666958	1.33133912901193e-06	8.91997216437996e-05
Streptococcus oralis subsp. oralis	HG3A.0705	subspecies	6969	0.0917747098025707	0.0261425859979942	0.000450074919596664	0.00315675043625065	7983	0.0947845965122457	0.0240286549107725	8.06133849408177e-05	0.00108021935820696	6538	0.085388473628851	0.0236524281099121	0.000308377357798356	0.00258266037156123	8118	0.101648873170871	0.0228943740042742	9.12090330207384e-06	0.000305550260619474	8118	0.102347145972121	0.0228362818266619	7.5056360068016e-06	0.000251438806227853
Escherichia coli	HG3A.0195	species	6969	0.0904070695035463	0.0230269682473457	8.71691844318793e-05	0.000834333622419416	7983	0.0867459495927471	0.0215879414042097	5.91775644440183e-05	0.00108021935820696	6538	0.0896836946272164	0.0235890031981228	0.000144908771257397	0.00258266037156123	8118	0.0920506086271914	0.0214377451084627	1.77673854974738e-05	0.000336079180185596	8118	0.0917242287203814	0.0213746409471932	1.79756324845618e-05	0.000342676744945195
Eubacteriales sp.	HG3A.1354	order	6969	0.0936157982819267	0.0245390645690299	0.000137400604651188	0.0011507300639537	7983	0.0803700922904026	0.0203121718611714	7.66475054014237e-05	0.00108021935820696	6538	0.0784308734969186	0.0239051244485891	0.00104021856869217	0.00370587611478094	8118	0.089630237280305	0.0210067423154134	2.00644286677968e-05	0.000336079180185596	8118	0.0895210111212484	0.0210025584091679	2.04583131310564e-05	0.000342676744945195
Intestinimonas sp.	HG3A.1149	genus	6969	0.0868924199789324	0.0214807780950036	5.28713238967654e-05	0.000785996511863606	7983	0.0487996279321636	0.020432022582673	0.0169458989006735	0.0202775391652277	6538	0.107898264533871	0.0222334167097489	1.24503371788758e-06	8.34172590984677e-05	8118	0.0795203752415861	0.0198562531528521	6.26323709424999e-05	0.000839273770629499	8118	0.0797371258022824	0.0198535631124188	5.96706659170048e-05	0.000799586923287865
Anaerotignum lactatifermentans	HG3A.0676	species	6969	0.101275250028106	0.0226982787305027	8.25757076826818e-06	0.000276628620736984	7983	0.0734700886954528	0.0211264011496836	0.000508585006361929	0.00267498634382225	6538	0.0799878451126834	0.023365652770321	0.00062251563136538	0.00293664710931968	8118	0.0821223850513089	0.0210121716727572	9.37070541950363e-05	0.00104639543851124	8118	0.0822837259542051	0.0208894046847619	8.25130550130796e-05	0.000921395780979389
Lachnospiraceae sp.	HG3A.1518	family	6969	0.0965647140241582	0.0291557748300781	0.000931036360852754	0.00489028702836155	7983	0.0945584212712386	0.0255151701054012	0.000212033475166346	0.00177578035451815	6538	0.0998400281888069	0.0270453637135703	0.000224721891811716	0.00258266037156123	8118	0.101913111860928	0.0273694946524603	0.000197753028069728	0.0016488001226663	8118	0.101108276017302	0.0273488409148279	0.000219637069477706	0.00210224052214376
Eubacteriales sp.	HG3A.1158	order	6969	0.0906214358171703	0.0228601201363633	7.44024853682779e-05	0.000830827753279103	7983	0.0825661228345968	0.0214327579333779	0.000117929572651199	0.00131688022793839	6538	0.0785052810498315	0.023152926689724	0.000701288861927088	0.00293664710931968	8118	0.0808101121749361	0.0218709594698042	0.000221480613492488	0.0016488001226663	8118	0.0792355599209626	0.0218537233684205	0.000289963688658728	0.00215861857112609
Firmicutes sp.	HG3A.0942	phylum	6969	0.060233383523086	0.021804912572345	0.005753566342216	0.013767462318874	7983	0.0745092100680548	0.0204887460054903	0.000278039740015064	0.00206985139788992	6538	0.0631216376961505	0.0226489764962761	0.0053362950119842	0.0102864074718023	8118	0.0752614977238188	0.0203263420077606	0.000214790844969218	0.0016488001226663	8118	0.0742344056536417	0.0202670672564318	0.000251088354149885	0.00210286496600529
Streptococcus parasanguinis	HG3A.0117	species	6969	0.0671034764876928	0.0238792200133123	0.00496638855162285	0.0127980012676435	7983	0.0764180645023777	0.0221341995674981	0.000558372566573932	0.00267498634382225	6538	0.073588736661918	0.0250130489233287	0.00327254682251718	0.00730868790362169	8118	0.0780659973173643	0.0223096899076914	0.000469207501722391	0.00245217810569706	8118	0.0787217581179321	0.0222375434489069	0.000402347821406655	0.00243498654924736
Ligilactobacillus salivarius	HG3A.0919	species	6969	0.0986787230876112	0.0245428312315178	5.86564561092243e-05	0.000785996511863606	7983	0.0757398172153114	0.0250705555360155	0.00252697632384865	0.00497962981464292	6538	0.0958897830737554	0.028834800560721	0.000887606395570532	0.00349821344136621	8118	0.088825427442156	0.0253474542181923	0.000460296886523285	0.00245217810569706	8118	0.0886278979746139	0.0253414320403293	0.000472460076719637	0.00243498654924736
Oscillibacter sp.	HG3A.0046	genus	6969	-0.0609327068197947	0.0225625770800559	0.00693832038392368	0.0149957247007383	7983	-0.073581357468544	0.0210409460023203	0.000473027919684179	0.00267498634382225	6538	-0.0747576423622769	0.0233871988884693	0.00139772511091391	0.00390198260130134	8118	-0.0743075646277754	0.021490679753714	0.000547721787188822	0.00262123998154651	8118	-0.0738065030349937	0.0209559117066578	0.00043071483520286	0.00243498654924736
Lachnospiraceae sp.	HG3A.0930	family	6969	0.099810525946665	0.0242654985962497	3.94674065226389e-05	0.000785996511863606	7983	0.0874549437096854	0.0220652500964931	7.45236176195473e-05	0.00108021935820696	6538	0.0690337560597713	0.0245655685132527	0.00496636029710259	0.0102864074718023	8118	0.0758104914846678	0.0216882004066118	0.000475795751851668	0.00245217810569706	8118	0.0759209868154037	0.0216831619677792	0.000465386042915738	0.00243498654924736
Firmicutes sp.	HG3A.1222	phylum	6969	0.0535244017990801	0.0222256036477824	0.0160563260427184	0.0240171731111619	7983	0.0709585749270411	0.0203641524335615	0.000495778960771461	0.00267498634382225	6538	0.0818437840469963	0.0225234513444334	0.000281559737055943	0.00258266037156123	8118	0.0707318198932959	0.0201561035963161	0.000451933087737163	0.00245217810569706	8118	0.0698341987188784	0.0201273343878994	0.000523949809547886	0.0025074740885506
Streptococcus gordonii	HG3A.0713	species	6969	0.0425912882055427	0.0255253555285964	0.0952449869993109	0.0997095957649036	7983	0.0547661444101514	0.0222813510950297	0.013995254545546	0.018032347202915	6538	0.08423153634043	0.0246343535969692	0.000631809913364214	0.00293664710931968	8118	0.0730256244016281	0.0215737072915166	0.000715379302453122	0.00299565082902245	8118	0.0736597261787414	0.0215296184567849	0.000626303681663576	0.00277909306816195
Eubacteriales sp.	HG3A.0511	order	6969	0.0601535689824737	0.0232367276821243	0.0096535294310556	0.0170206966284401	7983	0.0718196557304184	0.021009254432968	0.000632928641529364	0.00267498634382225	6538	0.0816489015270341	0.023133780679107	0.000419392707064193	0.00268625350501458	8118	0.0720531404920611	0.0212564558972093	0.00070306570709516	0.00299565082902245	8118	0.072361885843016	0.0212484756477923	0.000663664016277481	0.00277909306816195
Oscillospiraceae sp.	HG3A.1212	family	6969	0.0767815030974784	0.021948023885775	0.000471156781529948	0.00315675043625065	7983	0.0689686014006549	0.0204727071600862	0.000758578216904818	0.00267498634382225	6538	0.0807479791770371	0.0227177109231894	0.000381566129764801	0.00268625350501458	8118	0.0680938429822598	0.0202956946756718	0.00079709742375214	0.00307779281705224	8118	0.0685643157702443	0.0202895212892782	0.000730196118884306	0.00287783176266168
Streptococcus agalactiae	HG3A.1733	species	6969	0.0590558950608172	0.0214768639902597	0.00597985673837282	0.0138155310852062	7983	0.0666325431531878	0.0206300487736908	0.00124353224859993	0.00381777022070793	6538	0.0717957077690472	0.0229871322275583	0.00179633651817861	0.00462902102761411	8118	0.0672285968631514	0.0201036443161741	0.00082930305955038	0.00307779281705224	8118	0.0673307968172942	0.0201018590439602	0.000813383706988118	0.00302759490934466
Parabacteroides distasonis	HG3A.0024	species	6969	0.0738847007454058	0.0229338080180041	0.00128052252443255	0.00571966727579872	7983	0.0634464655777096	0.0214425721039317	0.00309659566248474	0.00560734890233723	6538	0.0774800870716351	0.023906348678141	0.00119727377156097	0.00370587611478094	8118	0.0706526234178181	0.021309536520814	0.000918744124493206	0.00307779281705224	8118	0.0706353568361581	0.0212907961233816	0.000911850101483733	0.00305469783997051
Oscillospiraceae sp.	HG3A.0142	family	6969	0.0606062499626305	0.0228166872052782	0.00792045013738886	0.0161568109512609	7983	0.0797492508317465	0.021401052223273	0.000195585302425991	0.00177578035451815	6538	0.074905531167252	0.0236212606599646	0.00152576319485041	0.00408904536219909	8118	0.0700604715669071	0.0210533182132359	0.00087942118408255	0.00307779281705224	8118	0.0698677416278366	0.0210509822973532	0.000907523878410079	0.00305469783997051
Intestinimonas sp.	HG3A.1018	genus	6969	0.0613917402476634	0.0217711685927998	0.004818235288438	0.0127980012676435	7983	0.0610103057227674	0.0205593215098088	0.00301113828435605	0.0056040629181071	6538	0.0823098128444932	0.0224004931617258	0.000240296848931941	0.00258266037156123	8118	0.0667981049653091	0.0203504412372295	0.00103373348516601	0.00314311771034821	8118	0.0671033153784968	0.0203403564794918	0.000974481531514321	0.00310906012435522
Eubacteriales sp.	HG3A.1129	order	6969	0.0390724328756386	0.0217361258209923	0.072287673040075	0.0793979359620496	7983	0.0635139640514738	0.0204589434472385	0.0019130567455854	0.00413467103078135	6538	0.0842146648862706	0.0222943225118626	0.000159908776295922	0.00258266037156123	8118	0.0651967414931429	0.019936155260989	0.00107898070653745	0.00314311771034821	8118	0.0640954017760058	0.0199104491770224	0.00129102260263622	0.00332686593756256
Eubacteriales sp.	HG3A.0721	order	6969	0.0705412162516908	0.0222152840580065	0.00150322940228922	0.00621794184799402	7983	0.0719503770146935	0.0213477531495104	0.000754224185816927	0.00267498634382225	6538	0.0694800809138853	0.0235924570635815	0.00324104002341419	0.00730868790362169	8118	0.0688906679676638	0.0208645470980749	0.000964869739671004	0.0030783939313313	8118	0.0681535623345296	0.0208327017000943	0.0010744430314871	0.00327216741407435
Eggerthellales sp.	HG3A.1909	order	6969	0.0729961004311722	0.0214812186833992	0.000682343383079153	0.00415609151511848	7983	0.0694267239399339	0.0204328832581294	0.000682693561359462	0.00267498634382225	6538	0.0595489416858294	0.0222308635850984	0.00741061351288818	0.0130660817200923	8118	0.064446398519657	0.0198490282334811	0.00117180466590579	0.0031542540346788	8118	0.0644778184082457	0.0198478536624558	0.00116452753547137	0.00332686593756256
Limosilactobacillus oris	HG3A.1462	species	6969	0.0737018753937427	0.0222885866106995	0.000948861662219405	0.00489028702836155	7983	0.0702720069022904	0.0208534037447032	0.000755827106111998	0.00267498634382225	6538	0.0744696543004537	0.0230103924275784	0.00121685484365941	0.00370587611478094	8118	0.0672306690030668	0.0207145476206874	0.00117696046070105	0.0031542540346788	8118	0.0671110441411693	0.020710978681858	0.00119867958802009	0.00332686593756256
Eubacteriales sp.	HG3A.0190	order	6969	0.0561729814130527	0.0222190354321027	0.0114889849059717	0.018774682651222	7983	0.0711515289294729	0.0210763936055356	0.000739351880113328	0.00267498634382225	6538	0.0750568200805377	0.0230907146122088	0.00115790095178498	0.00370587611478094	8118	0.0661382930215048	0.0207485789874308	0.00144009417026914	0.00349973235517122	8118	0.0662260322548806	0.0206558961011036	0.00135051118142571	0.00335126848724157
Blautia obeum	HG3A.0009	species	6969	0.0541357446534941	0.0226981518000603	0.0171048916162879	0.0243835688998146	7983	0.0661121633495559	0.0212110899451641	0.00183443933580215	0.00413467103078135	6538	0.082533547472793	0.0234732671034553	0.000441026694853139	0.00268625350501458	8118	0.0669425657736714	0.0210305008661783	0.00146257471559394	0.00349973235517122	8118	0.067667586101265	0.021019167794615	0.00129006154081203	0.00332686593756256
Eubacteriales sp.	HG3A.1303	order	6969	0.0594494429228168	0.0218521498668756	0.00653422072148991	0.0145930929446608	7983	0.0662926371789505	0.0204570120839026	0.00119783209076169	0.00381777022070793	6538	0.0657024977398358	0.0226905173947101	0.00379723991015045	0.00820693787032517	8118	0.0650203426038656	0.020209249932427	0.00129894754956842	0.00334728791619554	8118	0.0637050548246061	0.0201850572668917	0.00160516573722668	0.00384093229979242
Lachnospiraceae sp.	HG3A.0433	family	6969	0.0670094064665179	0.0237217611371453	0.00474461777010454	0.0127980012676435	7983	0.0672253548015742	0.02159845631599	0.00186172185483284	0.00413467103078135	6538	0.0552263714094112	0.0243353554557459	0.0232778487108024	0.0318288951759951	8118	0.0686509326259362	0.0217383138079	0.00159414152080271	0.00368301661702694	8118	0.0680330279975523	0.0217209483207979	0.00174165687330069	0.0039299338534341
Eubacteriales sp.	HG3A.0935	order	6969	-0.0713806298091926	0.0227510890701752	0.00171143155208375	0.00637032855497841	7983	-0.0651415601288992	0.0207994693592853	0.00174326238324833	0.00413467103078135	6538	-0.0598662212594211	0.0234288274066379	0.0106344518936448	0.0170944317806606	8118	-0.0649823195359448	0.0210559412404923	0.00203443989856629	0.0042944241933979	8118	-0.0656135828906185	0.0209687538826454	0.00175967187467199	0.0039299338534341
Bifidobacterium breve	HG3A.1387	species	6969	0.0737965332977096	0.0226007601990093	0.00109916603893827	0.00526029461491888	7983	0.067016363105908	0.0214750948192852	0.00181104175818379	0.00413467103078135	6538	0.0777583323708681	0.0226682389793648	0.000606774629500349	0.00293664710931968	8118	0.0643212368046431	0.020858116469611	0.00205106827147362	0.0042944241933979	8118	0.0648003624853338	0.020790549263651	0.00183463582156813	0.00396518064661498
Rothia mucilaginosa	HG3A.0559	species	6969	0.0412574109451364	0.022207304775046	0.0632360605487003	0.0730485527028089	7983	0.0669213757000492	0.0212274342149221	0.00162439221163608	0.00413467103078135	6538	0.0402299542710079	0.0232855534146931	0.0840940811968159	0.0908758619384945	8118	0.0630190854122438	0.0207524269362836	0.0023994829561165	0.00459329594456586	8118	0.063708249311885	0.0206994747544288	0.00209262277459567	0.00438142893430967
Oscillibacter sp.	HG3A.0243	genus	6969	0.0719950710363796	0.0227740857991883	0.00157768673755072	0.00621794184799402	7983	0.0677374546412033	0.0212093518511309	0.00140990729635172	0.00410712125458979	6538	0.0773435348305025	0.0241529286085623	0.00137029436896859	0.00390198260130134	8118	0.0666637452135816	0.0218649150333999	0.00230440234942913	0.00459329594456586	8118	0.0666016861519553	0.0218420182665077	0.00230168942689992	0.00467312701825135
Flintibacter sp.	HG3A.0922	genus	6969	0.0679492685958196	0.0227100999996794	0.00278120396639628	0.00887336503564529	7983	0.0651138416673516	0.0210950700018642	0.00203107404181454	0.00425256127504919	6538	0.0539400123113011	0.0236568115246938	0.0226342060023957	0.0315935792116773	8118	0.0628160653157734	0.0209116937660083	0.00267393951937474	0.00495325271548799	8118	0.0630125526531993	0.0208975015810037	0.00257520563210184	0.00492967935288067
Eubacteriales sp.	HG3A.0100	order	6969	-0.0593460057328409	0.0233565865271407	0.0110796949128758	0.0185584889790669	7983	-0.0637193911702798	0.0219055252113725	0.0036380540864991	0.0063487315712846	6538	-0.083048462762017	0.0243799362167828	0.000662243260596155	0.00293664710931968	8118	-0.0683623781784103	0.0230364997342537	0.00301056832116905	0.00530810730311386	8118	-0.0660081312880803	0.0217629655783898	0.00242875209509998	0.00478607030504995
Bacteria sp.	HG3A.0920	superkingdom	6969	-0.0637284656301297	0.0216959592752621	0.00332143900329405	0.0101152915100319	7983	-0.058566880019233	0.0208568963925554	0.00499680422612754	0.00743968629223433	6538	-0.0672312321959791	0.0228336063619642	0.00324747062462062	0.00730868790362169	8118	-0.0602782951540944	0.0203851900989833	0.00311593467382368	0.00535301597810734	8118	-0.0610795910078608	0.0203468440806555	0.0026911377930569	0.00500850644818922
Oscillibacter sp.	HG3A.0372	genus	6969	0.0535349039185676	0.0226417485861015	0.0180854843362206	0.0252443218859745	7983	0.0653628595036942	0.0208702525924735	0.00174337195405955	0.00413467103078135	6538	0.0595600203502924	0.0234086287920311	0.0109710532323642	0.0170944317806606	8118	0.062853243992482	0.0209724298176073	0.00273537836526949	0.00495325271548799	8118	0.0622956486073338	0.0209591239024941	0.00296513180357996	0.00517998998853661
Eubacteriales sp.	HG3A.0759	order	6969	0.0565968695459272	0.0222082181141874	0.0108414990330732	0.0185584889790669	7983	0.0634003056827196	0.0211976221460221	0.00279006062459534	0.00534097319565393	6538	0.0615790385496673	0.0239390530069867	0.0101241248168299	0.0169579090681901	8118	0.0643219616220569	0.0211761804392292	0.00239346032694755	0.00459329594456586	8118	0.062616983024588	0.0210781816955104	0.00298007221556416	0.00517998998853661
Bifidobacterium dentium	HG3A.0579	species	6969	0.0477075849860403	0.0235103867987212	0.0424752814118255	0.0517426155380419	7983	0.0703232753979787	0.0222418340327786	0.00157417567870527	0.00413467103078135	6538	0.0532911748304554	0.0250848428497678	0.033671818001976	0.0433848424256229	8118	0.0645930985092523	0.0221521827171901	0.0035567477203249	0.00581224627467728	8118	0.0649930998109631	0.0220917172639291	0.00327073813800136	0.00527203868684503
Leuconostoc lactis	HG3A.1458	species	6969	0.0656222808517651	0.0213881343059801	0.00216222750865569	0.0076246970042069	7983	0.065642993673881	0.0203382109550663	0.00125359619187425	0.00381777022070793	6538	0.0458820841455318	0.0222896750021441	0.0395877598931883	0.0500449040159172	8118	0.0583387731073354	0.0198156641152295	0.0032485694310528	0.00544135379701344	8118	0.0582252623155713	0.0198129552457143	0.00330486007235062	0.00527203868684503
Eubacteriales sp.	HG3A.0084	order	6969	-0.0643935107451184	0.022607135634004	0.00440749242278652	0.0127980012676435	7983	-0.0638604654679465	0.0210712561993659	0.00244790282681599	0.00496998452717186	6538	-0.0505437568246578	0.0234675346887593	0.0312951513304888	0.0411132380224068	8118	-0.0625322403153413	0.0217734516927624	0.00409023778871658	0.00637316120567466	8118	-0.062352597980582	0.0210701102417743	0.00309253133643977	0.00517998998853661
Desulfovibrio piger	HG3A.0240	species	6969	0.0589132622789701	0.0223790475882325	0.00849450367253684	0.0163916761711081	7983	0.0544003326796812	0.020856909037031	0.00911751286226625	0.0129973055696136	6538	0.0646610403202895	0.0232201237975916	0.00537349644049375	0.0102864074718023	8118	0.0651502369719725	0.0210925799903696	0.00201674104288481	0.0042944241933979	8118	0.0601623846763368	0.0207000828554192	0.00366639015959193	0.00571274745796882
Lachnospiraceae sp.	HG3A.1066	family	6969	0.0486417544675011	0.0214814127440131	0.0235828946931669	0.0298123385743808	7983	0.0591431130377059	0.0203666627171004	0.00369553031761342	0.0063487315712846	6538	0.0375709677938559	0.0225577699269952	0.0958531240094281	0.10034623919737	8118	0.0584279139940066	0.0201088669123578	0.00367581083551753	0.00586379347570653	8118	0.0597423176889271	0.020143473274761	0.00302752411219901	0.00517998998853661
Oscillospiraceae sp.	HG3A.1278	family	6969	0.0562475549288156	0.0216696605632171	0.00946052951222043	0.0170206966284401	7983	0.0586367013281265	0.0204054131247119	0.00406930884887577	0.00663709676751604	6538	0.0404889179782093	0.0221188364984301	0.0672190572815454	0.0763335057265007	8118	0.0562454194526668	0.0200168988145413	0.00496780346773808	0.0075646098258739	8118	0.0570577788883522	0.0199995138471655	0.00434275095412209	0.00661282531650409
Lactobacillus gasseri	HG3A.0884	species	6969	0.0569911670792682	0.0216713434111287	0.00856281591028034	0.0163916761711081	7983	0.0620357359838987	0.0214444949155854	0.0038281224311054	0.00641210507210155	6538	0.0366731068331661	0.0242036124205927	0.129773301763805	0.13376632643346	8118	0.0579418835788105	0.0209309892876324	0.00564909178899209	0.00822802499701021	8118	0.0585509255577901	0.0208888307686526	0.00507553611806149	0.007556909331336
Traorella massiliensis	HG3A.0669	species	6969	0.062246366188403	0.0234481828731687	0.00795783225957628	0.0161568109512609	7983	0.0620829278206092	0.0216576001831778	0.0041605681229205	0.00663709676751604	6538	0.0479771049609489	0.0234070211686005	0.040435487439662	0.0501699566380992	8118	0.0613393171786803	0.0219226819735947	0.00515459101380892	0.00767461328722661	8118	0.0607432469006026	0.0218985983398804	0.00555273280594328	0.00808767604343912
Enterocloster asparagiformis	HG3A.0466	species	6969	0.0560326998025994	0.0215934614542308	0.00948228921674984	0.0170206966284401	7983	0.0510701216004551	0.0205387948970548	0.0129205748601895	0.0169740885418176	6538	0.0609810031131545	0.022691040341049	0.0072186362394496	0.0130660817200923	8118	0.0541357998859392	0.0201157314496647	0.00713402348543465	0.0101697781600877	8118	0.0549476512522416	0.0199992399589457	0.00601887557451453	0.00858009922324411
Lachnospiraceae sp.	HG3A.1323	family	6969	0.0557748682656655	0.0224101033698649	0.0128401611725875	0.0204831142515087	7983	0.0552226088616464	0.0205026936464216	0.00708709519112201	0.010322508213156	6538	0.0648545370495044	0.023236713967806	0.00526950504155221	0.0102864074718023	8118	0.0553016767663999	0.0206413239394525	0.00739556335968607	0.0103229738562285	8118	0.0547310088369725	0.0206311759299792	0.00799783404206084	0.0109358138942465
Butyricicoccus sp. OM04-18BH	HG3A.0139	species	6969	-0.0687650956097056	0.0225399694946077	0.00229102789057518	0.00767494343342684	7983	-0.0597842316179861	0.0210443442534124	0.0045106649688847	0.00694783719494843	6538	-0.0441881360675664	0.0233105944501621	0.0580547060408263	0.0671370730585265	8118	-0.0549756989418862	0.0210900824859187	0.00915871280966226	0.0122726751649474	8118	-0.0555760338174278	0.0208655324375884	0.00774801276033462	0.0108149344779671
Eubacteriales sp.	HG3A.0505	order	6969	-0.0619819051139072	0.0222017476145603	0.0052568187514498	0.0130446983832273	7983	-0.0535231851897191	0.020968803691024	0.0107136037061715	0.0149481266760828	6538	-0.04616761937734	0.0232395801223168	0.0470099326970143	0.0563192742904763	8118	-0.0535077126502431	0.0208941308028599	0.0104584647902039	0.0137395517832091	8118	-0.0541763786319467	0.0207482454280081	0.00904123558213929	0.0121152556800667
Eubacteriales sp.	HG3A.0439	order	6969	0.0553128056120754	0.0229843959960837	0.0161309371642132	0.0240171731111619	7983	0.0611247630259577	0.0215440337159768	0.0045627587548915	0.00694783719494843	6538	0.0551910710969642	0.0236725936106413	0.0197614042316198	0.0294225351893006	8118	0.0566376594322175	0.0212404144571106	0.00767991463856665	0.0105011077711013	8118	0.0541538235249428	0.0210875531043227	0.0102453752926041	0.0134596106785191
Ruminococcus bicirculans	HG3A.0067	species	6969	-0.0414109351421761	0.022384496282119	0.0643591674487508	0.0730858342214628	7983	-0.0527425588190569	0.0209518279241205	0.0118447315821863	0.0158719403201297	6538	-0.0404337447788664	0.023278645416385	0.0824448477162403	0.0908758619384945	8118	-0.0518459414151352	0.0208171065310806	0.0127749109189479	0.0164599813763367	8118	-0.0521186062299726	0.0207951424296391	0.0122203782336985	0.015745487339573
Oscillospiraceae sp.	HG3A.0616	family	6969	-0.0546809786013676	0.0223802001299322	0.0145797908670022	0.0227173485602128	7983	-0.053702436195591	0.0210973024909839	0.0109322120466874	0.0149481266760828	6538	-0.0622545808622462	0.0241306541714194	0.00990509058290646	0.0169579090681901	8118	-0.0519014155810532	0.0215469506231049	0.0160293720713224	0.0202635458260114	8118	-0.052940111940593	0.0213873100476321	0.0133328589931333	0.0168547462743383
Eubacteriales sp.	HG3A.0854	order	6969	0.0340645704152051	0.0224020608657427	0.128406560879099	0.132357531983071	7983	0.0493999158701737	0.0206893084332533	0.0169775766217356	0.0202775391652277	6538	0.0708628153194324	0.0233540549764159	0.00242075867092255	0.00600706781303003	8118	0.0499076310757076	0.0209498668456313	0.0172309191345341	0.0213791033706256	8118	0.0508147032262359	0.0208848944442627	0.0149926397911043	0.0182637612000725
Eubacteriales sp.	HG3A.0092	order	6969	-0.0395105453396629	0.0225944859047329	0.0803911069677502	0.086874260755472	7983	-0.0496639441243972	0.0210428160001213	0.0182924887218805	0.0211309783511379	6538	-0.0593607515563607	0.0232736946574826	0.0107783488913929	0.0170944317806606	8118	-0.0501354469292566	0.0214856807379756	0.0196500152521345	0.0235098396766609	8118	-0.0510133394852847	0.0208774609530791	0.0145685109920563	0.0180757451197735
Eubacteriales sp.	HG3A.0270	order	6969	0.0375873920910583	0.0224916257533415	0.0947333600395499	0.0997095957649036	7983	0.0502156222364421	0.0210828842024743	0.0172510407823579	0.0202775391652277	6538	0.0625536570434881	0.0232665924263849	0.007194650767012	0.0130660817200923	8118	0.0488917485547845	0.0206985778046776	0.0181964696246581	0.0221666084518563	8118	0.0490039081687041	0.0206940951661716	0.0179075581053507	0.0214251141617589
Clostridia sp.	HG3A.0479	class	6969	-0.0431181007369341	0.0223706598456374	0.0539662507152697	0.0645667642486262	7983	-0.0488281884505296	0.0208503510131799	0.0192138134152345	0.0218190762511984	6538	-0.0457090202948924	0.0230152977346459	0.0470728262726369	0.0563192742904763	8118	-0.0476466173976924	0.0207876656494074	0.0219279815902399	0.0253305994232082	8118	-0.0486542665541285	0.0206194718095185	0.0183172939566862	0.0215308542999644
[Clostridium] spiroforme	HG3A.0259	species	6969	0.032116956840839	0.0226157332576884	0.155619643454736	0.157977516840414	7983	0.0501055793629599	0.0209736195888139	0.0169186591050667	0.0202775391652277	6538	0.0280307504246579	0.024135884714409	0.245533792503335	0.249254001480658	8118	0.0478528968674446	0.0211655753666869	0.0237932987128106	0.0264598626524218	8118	0.0485824810723349	0.0208491700190869	0.019821028481481	0.0227577954232362
Eubacteriales sp.	HG3A.1250	order	6969	0.0506847971740498	0.0215991092811447	0.0189732222761511	0.0254241178500424	7983	0.0466802043846822	0.0204959254442836	0.0227810326215706	0.0250217899286103	6538	0.0213902513519832	0.0221942644184293	0.335195734548712	0.335195734548712	8118	0.0459380879828239	0.0199470850148526	0.0213045753057332	0.0250422200962127	8118	0.0458075662016817	0.0199421532064492	0.0216432758321501	0.0241683246792343
Clostridium phoceensis	HG3A.0014	species	6969	0.0558884245381892	0.0233775565132122	0.0168437878390339	0.0243835688998146	7983	0.0404027590575236	0.0218456628594196	0.0644284781159663	0.0644284781159663	6538	0.0798067006170726	0.024396884301558	0.0010766519428545	0.00370587611478094	8118	0.049417684352421	0.0217410879340486	0.0230521152167264	0.0261778257545876	8118	0.0504931837524067	0.0217076325890343	0.0200404467159841	0.0227577954232362
Eubacteriales sp.	HG3A.0133	order	6969	0.0525714198278323	0.022692742655518	0.0205515697549529	0.0264799071842662	7983	0.0445603656336309	0.0212606138133415	0.0361219968868885	0.0378152154909614	6538	0.0534625716364117	0.023379171236516	0.0222422888419203	0.0315935792116773	8118	0.0473893591021395	0.0210048416271082	0.0240903227133989	0.0264598626524218	8118	0.0467182126285858	0.0210005781806586	0.0261349159565829	0.0273599901420477
Bifidobacterium pullorum subsp. gallinarum	HG3A.1171	subspecies	6969	0.0489850845448748	0.0221788590982303	0.0272328624963262	0.0337889219861825	7983	0.0431228885701736	0.0204994339142428	0.0354439135688997	0.0376943207796235	6538	0.0527850030377191	0.0230020806099242	0.021777223584561	0.0315935792116773	8118	0.0449536928914771	0.0203589496761088	0.02726873014939	0.0290000780953831	8118	0.0452759434024756	0.0203220770433561	0.0259136756892754	0.0273599901420477
Eubacteriales sp.	HG3A.0226	order	6969	-0.0514791826656323	0.0220726035554838	0.0197156022216739	0.0259008891931795	7983	-0.0431419930139726	0.0207801422763622	0.0379156763330119	0.0390823125278738	6538	-0.0432993996263179	0.0228475802522984	0.05811866025962	0.0671370730585265	8118	-0.0448301124806501	0.020632237433929	0.0298232870925462	0.0307409266953938	8118	-0.0456041428676939	0.0204214589963963	0.0255667965926088	0.0273599901420477
Oscillospiraceae sp.	HG3A.0072	family	6969	-0.0411190012558469	0.0228200856146181	0.0716087293308273	0.0793979359620496	7983	-0.0431556620043443	0.0213330497327889	0.0431122998041681	0.0437655164678676	6538	-0.0409972986812737	0.0236261219657635	0.0827441340987641	0.0908758619384945	8118	-0.049498535668607	0.0229171883164207	0.0308111092419285	0.0312779442304426	8118	-0.0471079366138587	0.0211179762625602	0.0257284801960867	0.0273599901420477
Peptoniphilus harei	HG3A.1800	species	6969	0.0272527571647153	0.0215084668736045	0.205173051309029	0.205173051309029	7983	0.0472044947870404	0.0203806391891813	0.0205760508540442	0.0229765901203494	6538	0.0382568820728684	0.0226546908910223	0.0913264422475016	0.0971249465171843	8118	0.0442507950352458	0.0203207745409283	0.0294640079581256	0.0307409266953938	8118	0.0443913571827053	0.020316411671073	0.0289178424164959	0.0293559915440186
Prevotella marseillensis	HG3A.0424	species	6969	0.0534421560454937	0.0226935823811121	0.0185535361926341	0.0253691209164588	7983	0.0447959015185924	0.0212394186934704	0.0349681873873935	0.0376943207796235	6538	0.0529723444895121	0.0234257061284645	0.0237746461511903	0.031858025842595	8118	0.0470125227421298	0.0211275677624991	0.0260973778162718	0.0282020050595196	8118	0.0464443804310506	0.0210827278310331	0.0276261349935186	0.0284761699163961
Pseudoflavonifractor sp. An184	HG3A.0253	species	6969	0.0424336889547259	0.0224932569721145	0.0592690227777014	0.069667096949228	7983	0.0507003786413476	0.0210801795742595	0.0161901285929749	0.0202775391652277	6538	0.057199645184495	0.0232238307072377	0.0138051984840293	0.0210215522370446	8118	0.0449334417088555	0.0209553022063234	0.0320428444799114	0.0320428444799114	8118	0.0449457757595101	0.0209455554534116	0.031915963912054	0.031915963912054
